Brand of Car,Model of car,Year of Car,Price sold (or unsold),Country  of auction,Currency,Year of Auction
Porsche,911 Carrera 2,2006, (unsold),UK,(unsold),2023
Porsche,911 Carrera 2 Cabriolet,2002, (unsold),UK,(unsold),2023
Porsche,911 C4S,2003,"£18,000",UK,"£18,000",2023
Porsche,911,2002,"£12,937",UK,"£12,937",2023
Porsche,911 Carrera 2 Cabriolet,2003,"£11,500",UK,"£11,500",2023
Porsche,911 Carrera 4 S,2002,"Estimate £15,000 - £20,000 (unsold)",UK,Estimate,2023
Porsche,911 Carrera 4,2001,"Estimate £8,000 - £11,000 (unsold)",UK,Estimate,2023
Porsche,911 Carrera 4,2001,"Estimate £15,000 - £18,000 (unsold)",UK,Estimate,2023
Porsche,911 C2S,2005,"Estimate NZ$125,000 - NZ$150,000 (unsold)",Zealand,Estimate,2023
Porsche,911 Targa 4S Heritage Design Edition,2021,"$511,000",USA,"$511,000",2023
Porsche,911 50th Anniversary Coupe,2014,"$224,000",USA,"$224,000",2023
Porsche,911 Targa 4 GTS,2016,"$257,600",USA,"$257,600",2023
Porsche,911 Carrera 2 Cabriolet,2002,"Estimate £9,000 - £11,000 (unsold)",UK,Estimate,2023
Porsche,911 Carrera S,2005,"£15,750",UK,"£15,750",2023
Porsche,911 Carrera,2001,"£7,875",UK,"£7,875",2023
Porsche,911 4S Cabriolet,2011,"€89,820",France,"€89,820",2023
Porsche,911 Carrera S,2016,"Sold (Estimate £49,000 - £59,000)",UK,Sold,2023
Porsche,911 Carrera '50 Years 911' Anniversary Edition,2014,"$115,000",Emirates,"$115,000",2023
Porsche,911 Carrera Endurance Racing Edition,2017,"Estimate €115,000 - €145,000 (unsold)",Italy,Estimate,2023
Porsche,911 Carrera 4,2003,"Estimate £10,000 - £12,000 (unsold)",UK,Estimate,2023
Porsche,911 Carrera 2 Cabriolet,2003,"Sold (Estimate £10,000 - £12,000)",UK,Sold,2023
Porsche,911 Carrera,2016,"£54,000",UK,"£54,000",2023
Porsche,911 Carrera 2S,2005,"£31,500",UK,"£31,500",2023
Porsche,911 Carrera 2,2005,"Estimate £24,000 - £28,000 (unsold)",UK,Estimate,2023
Porsche,911 Carrera Cabriolet,2001,"Estimate CHF28,000 - CHF32,000 (unsold)",Switzerland,Estimate,2023
Porsche,911 Carrera 2,2001,"£11,825",UK,"£11,825",2023
Porsche,911 Carrera 4S,2003,"€93,150",Belgium,"€93,150",2023
Porsche,911 Carrera 4,2004, (unsold),UK,(unsold),2023
Porsche,911 Carrera 4S,2007,"Estimate £32,000 - £36,000 (unsold)",UK,Estimate,2023
Porsche,911 Carrera 2 Cabriolet,2002,"Estimate £15,000 - £18,000 (unsold)",UK,Estimate,2023
Porsche,911 C4S Cabriolet,2004,"Estimate £25,000 - £30,000 (unsold)",UK,Estimate,2023
Porsche,911 Carrera 4S,2002,"Sold (Estimate £22,000 - £27,000)",UK,Sold,2023
Porsche,911 Carrera 2,2005,"Estimate £24,000 - £28,000 (unsold)",UK,Estimate,2023
Porsche,911 Carrera 4S,2008,"Estimate £25,000 - £28,000 (unsold)",UK,Estimate,2023
Porsche,911 Carrera 4,2003,"Estimate £10,000 - £12,000 (unsold)",UK,Estimate,2023
Porsche,911 Carrera 4,2007,"£26,705",UK,"£26,705",2023
Porsche,911 Carrera 4,2002,"£25,312",UK,"£25,312",2023
Porsche,911 40th Anniversary,2004,"£27,030",UK,"£27,030",2023
Porsche,911 Carrera S,2005,"£31,800",UK,"£31,800",2023
Porsche,911 Carrera S,2005,"£22,260",UK,"£22,260",2023
Porsche,911 Carrera S Cabriolet,2017,"$93,500",USA,"$93,500",2023
Porsche,911 Carrera 4S X51,2014, (unsold),UK,(unsold),2023
Porsche,911 Carrera 4,2002, (unsold),UK,(unsold),2023
Porsche,911 Carrera 2,2005,"Estimate £30,000 - £35,000 (unsold)",UK,Estimate,2023
Porsche,911 Carrera 4,2002,"£8,438",UK,"£8,438",2023
Porsche,911 Carrera 2S,2005,"Estimate £26,000 - £30,000 (unsold)",UK,Estimate,2023
Porsche,911 Carrera 2,2002,"£3,494",UK,"£3,494",2023
Porsche,911 Carrera 2,2002,"£18,400",UK,"£18,400",2023
Porsche,911 Carrera 4,2001,"Estimate £13,000 - £16,000 (WITHDRAWN)",UK,Estimate,2023
Porsche,911 Carrera '50 Years 911',2014,"£78,200",UK,"£78,200",2023
Porsche,911 Carrera S 'Endurance Racing Edition',2017,"Estimate £95,000 - £110,000 (unsold)",UK,Estimate,2023
Porsche,911 Carrera S Endurance Racing Edition,2017,"€105,800",Italy,"€105,800",2023
Porsche,911 Carrera T,2018,"€96,600",Italy,"€96,600",2023
Porsche,911 Carrera 4S 'X51',2004,"€54,050",Italy,"€54,050",2023
Porsche,911 Carrera S Cabriolet,2005, (unsold),UK,(unsold),2023
Porsche,911 Carrera,2005,"£25,650",UK,"£25,650",2023
Porsche,911 C2 S,2005,"£29,025",UK,"£29,025",2023
Porsche,911 Carrera 2S Convertible,2008,"Estimate £32,000 - £36,000 (unsold)",UK,Estimate,2023
Porsche,911 Carrera S,2005,"Estimate £18,000 - £22,000 (unsold)",UK,Estimate,2023
Porsche,911 Carrera 4 Cabriolet,2001,"$53,200",USA,"$53,200",2023
Porsche,911 Carrera 2S,2005,"£41,400",UK,"£41,400",2023
Porsche,911 Carrera 2,2003,"£11,287",UK,"£11,287",2023
Porsche,911 Carrera S Cabriolet,2017,"$115,500",USA,"$115,500",2023
Porsche,911 Carrera 2,2002,"Estimate £8,000 - £9,000 (unsold)",UK,Estimate,2023
Porsche,911 Carrera 4S,2002, (unsold),UK,(unsold),2023
Porsche,911 Carrera 4 Convertible,2003,"£14,840",UK,"£14,840",2023
Porsche,911 Targa 4S Heritage Design Edition,2021,"Estimate €265,000 - €285,000 (unsold)",Italy,Estimate,2023
Porsche,911 Carrera,2000,"Estimate €32,500 (unsold)",Germany,Estimate,2023
Porsche,911 Carrera 4,2003,"Estimate £10,000 - £12,000 (unsold)",UK,Estimate,2023
Porsche,911 Carrera 2,2003,"Estimate £15,000 - £20,000 (unsold)",UK,Estimate,2023
Porsche,911 Carrera 4S Convertible,2004, (unsold),UK,(unsold),2023
Porsche,911 40th Anniversary,2004, (unsold),UK,(unsold),2023
Porsche,911 Carrera S,2012,"Estimate £46,000 - £56,000 (unsold)",UK,Estimate,2023
Porsche,911 Carrera 4S,2004,"£15,848",UK,"£15,848",2023
Porsche,911 Carrera 4,2002,"Estimate £30,000 - £40,000 (unsold)",UK,Estimate,2023
Porsche,911 Carrera 4,2002,"£11,353",UK,"£11,353",2023
Porsche,911 Carrera S,2004, (unsold),UK,(unsold),2023
Porsche,911 Carrera 4,2007,"Estimate £34,000 - £35,000 (unsold)",UK,Estimate,2023
Porsche,911 Carrera 4 Cabriolet,2000,"£10,500",UK,"£10,500",2023
Porsche,911 Carrera 4S,2008,"£24,448",UK,"£24,448",2023
Porsche,911 Carrera 2,2003,"Estimate £15,000 - £20,000 (unsold)",UK,Estimate,2023
Porsche,911 Carrera S,2008,"Estimate £20,000 - £24,000 (unsold)",UK,Estimate,2023
Porsche,911 Carrera 4,2003,"Estimate £10,000 - £12,000 (unsold)",UK,Estimate,2023
Porsche,911 Carrera 2S,2004,"£17,000",UK,"£17,000",2023
Porsche,911 Carrera,2020,Estimate - Not Given (unsold),USA,Estimate,2023
Porsche,911 Carrera S Cabriolet,2008,"$41,800",USA,"$41,800",2023
Porsche,911 Carrera 4,2001, (unsold),UK,(unsold),2023
Porsche,911 Carrera 4,2001,"Estimate £13,000 - £16,000 (unsold)",UK,Estimate,2023
Porsche,911 DelaVilla VRS Speedroad,2006,"€76,512",France,"€76,512",2023
Porsche,911 Carrera 2 S 3.8,2005,"£20,790",UK,"£20,790",2023
Porsche,911 Carrera S,2009, (unsold),UK,(unsold),2023
Porsche,911 Carrera 4S,2003,"Estimate £38,000 - £42,000 (unsold)",UK,Estimate,2023
Porsche,911 Carrera,2000,"£15,900",UK,"£15,900",2023
Porsche,911 Carrera 4S,2003,"Estimate £16,000 - £18,000 (unsold)",UK,Estimate,2023
Porsche,911 Carrera 4S,2002,"Estimate £60,000 - £70,000 (unsold)",UK,Estimate,2023
Porsche,911 Carrera S,2008,"Estimate £20,000 - £24,000 (unsold)",UK,Estimate,2023
Porsche,911 Carrera 4 Cabriolet,2000,"Estimate £13,000 - £16,000 (unsold)",UK,Estimate,2023
Porsche,911 Carrera S Convertible,2006,"£19,500",UK,"£19,500",2023
Porsche,911 Carrera 4S Convertible,2007, (unsold),UK,(unsold),2023
Porsche,911 Targa 4S,2022,"$156,800",USA,"$156,800",2023
Porsche,911 Carrera 4S,2004,"£20,500",UK,"£20,500",2023
Porsche,911 Carrera 4S,2008,"£33,394",UK,"£33,394",2023
Porsche,911 Carrera 4 S,2008,"Estimate £24,000 - £26,000 (unsold)",UK,Estimate,2023
Porsche,911 Carrera 4S Cabriolet,2006,"€54,832",France,"€54,832",2023
Porsche,911 Carrera 4S,2003,"€54,832",France,"€54,832",2023
Porsche,911 3.6 C2,2001,"£14,580",UK,"£14,580",2023
Porsche,911 Carrera S,2005,"$88,000",USA,"$88,000",2023
Porsche,911 3.6 Targa,2003,"£13,608",UK,"£13,608",2023
Porsche,911 Carrera S,2005,"£25,705",UK,"£25,705",2023
Porsche,911 Targa 4S,2015,"$115,500",UK,"$115,500",2023
Porsche,911 Carrera 4S,2017,"$106,700",UK,"$106,700",2023
Porsche,911 Carrera 4 GTS,2015,"$110,000",UK,"$110,000",2023
Porsche,911 Carrera 4S,2004,"£28,687",UK,"£28,687",2022
Porsche,911 Carrera 4S,2002,"£21,375",UK,"£21,375",2022
Porsche,911 3.8 Carrera S Cabriolet,2005,"£20,812",UK,"£20,812",2022
Porsche,911 Carrera 4 S,2004,"£14,673",UK,"£14,673",2022
Porsche,911 Carrera 2,2000,"£12,000",UK,"£12,000",2022
Porsche,911 Carrera 4S Convertible,2006,"Estimate £16,000 - £20,000 (unsold)",UK,Estimate,2022
Porsche,911 Carrera 2,2000,"£5,053",UK,"£5,053",2022
Porsche,911 Carrera 4 Cabriolet,2000,"Estimate £15,000 - £17,000 (unsold)",UK,Estimate,2022
Porsche,911,2001,"£12,150",UK,"£12,150",2022
Porsche,911 Carrera 4S,2007,"Estimate £20,000 - £24,000 (unsold)",UK,Estimate,2022
Porsche,911 Carrera Cabriolet,2001,"£18,250",UK,"£18,250",2022
Porsche,911 Carrera 4S,2004,"£25,760",UK,"£25,760",2022
Porsche,911 Carrera S,2009, (unsold),UK,(unsold),2022
Porsche,911,2003,"$26,400",USA,"$26,400",2022
Porsche,911 Carrera,2002,"$22,000",USA,"$22,000",2022
Porsche,911 3.8 Carrera S,2005,"£29,250",UK,"£29,250",2022
Porsche,911 Carrera S,2005,"£29,150",UK,"£29,150",2022
Porsche,911 Carrera 2 S,2005,"£23,220",UK,"£23,220",2022
Porsche,911 Carrera S,2001,"£15,768",UK,"£15,768",2022
Porsche,911 Carrera S,2005,"£17,999",UK,"£17,999",2022
Porsche,911 Carrera S,2005,"£22,790",UK,"£22,790",2022
Porsche,911 Carrera 4S Cabriolet,2006,"£25,012",UK,"£25,012",2022
Porsche,911 Carrera 2S,2007,"Estimate £32,000 - £36,000 (unsold)",UK,Estimate,2022
Porsche,911 Carrera S Cabriolet,2005,"Estimate £28,000 - £32,000 (unsold)",UK,Estimate,2022
Porsche,911 Carrera 4S,2007,"Estimate £20,000 - £25,000 (unsold)",UK,Estimate,2022
Porsche,911 Carrera 3.4,2000,"€29,800",France,"€29,800",2022
Porsche,911 Carrera Targa,2002,"€46,000",Austria,"€46,000",2022
Porsche,911 Carrera 4S Cabriolet,2004,"$40,700",USA,"$40,700",2022
Porsche,911 Cabriolet,2012,Estimate - Not Given (unsold),USA,Estimate,2022
Porsche,911 Carrera Convertible,2001,"$39,600",USA,"$39,600",2022
Porsche,911 Carrera,2001,"£11,161",UK,"£11,161",2022
Porsche,911 Carrera S,2005,"£19,080",UK,"£19,080",2022
Porsche,911 Carrera S,2006,"£27,878",UK,"£27,878",2022
Porsche,911 Carrera 2S,2004,"Estimate £25,000 - £30,000 (unsold)",UK,Estimate,2022
Porsche,911 Carrera,2001,"£11,603",UK,"£11,603",2022
Porsche,911 Carrera Targa,2003,"£18,480",UK,"£18,480",2022
Porsche,911 Carrera S,2006,"£30,475",UK,"£30,475",2022
Porsche,911 Carrera,2006,"£22,000",UK,"£22,000",2022
Porsche,911 Carrera 4S,2004,"£14,280",UK,"£14,280",2022
Porsche,911 Carrera 4S Cabriolet,2005,"£19,040",UK,"£19,040",2022
Porsche,911 Carrera 2S,2005,"£13,720",UK,"£13,720",2022
Porsche,911 Carrera 4S Cabriolet,2006,"Estimate £24,000 - £28,000 (unsold)",UK,Estimate,2022
Porsche,911 Carrera S Cabriolet,2015,Estimate - Not Given (unsold),USA,Estimate,2022
Porsche,911 Targa 4,2015,Estimate - Not Given (unsold),USA,Estimate,2022
Porsche,911 Carrera S,2006,"$70,400",USA,"$70,400",2022
Porsche,911 Carrera,2004, (unsold),UK,(unsold),2022
Porsche,911 Carrera S Convertible,2006,"£19,800",UK,"£19,800",2022
Porsche,911 3.8 Carrera 2 S,2004,"£24,840",UK,"£24,840",2022
Porsche,911 Carrera S,2008,"$140,000",USA,"$140,000",2022
Porsche,911 Carrera 4S,2017,"Estimate $160,000 - $180,000 (unsold)",USA,Estimate,2022
Porsche,911 Carrera 4S,2004,"$67,200",USA,"$67,200",2022
Porsche,911 Carrera S,2004,"£18,020",UK,"£18,020",2022
Porsche,911 Carrera 2S,2010,"£43,165",UK,"£43,165",2022
Porsche,911 Carrera 2 Cabriolet,2001,"£21,392",UK,"£21,392",2022
Porsche,911 Carrera,2001,"£13,115",UK,"£13,115",2022
Porsche,911,2008,"Estimate £24,000 - £26,000 (unsold)",UK,Estimate,2022
Porsche,911 Carrera Cabriolet,2001, (unsold),UK,(unsold),2022
Porsche,911 Carrera 4,2006,"Estimate £20,000 - £25,000 (unsold)",UK,Estimate,2022
Porsche,911 Carrera Cabriolet,2001, (unsold),UK,(unsold),2022
Porsche,911 Targa 4S,2011,"£51,940",UK,"£51,940",2022
Porsche,911 Carrera 2S,2007,"Estimate £29,000 - £34,000 (unsold)",UK,Estimate,2022
Porsche,911 Carrera 2S Convertible,2005,"Estimate £24,000 - £28,000 (unsold)",UK,Estimate,2022
Porsche,911 Carrera,2004,"Estimate £13,000 - £16,000 (unsold)",UK,Estimate,2022
Porsche,911 Carrera 2S Convertible,2005,"£22,400",UK,"£22,400",2022
Porsche,911 Carrera 4S Convertible,2011,"£39,200",UK,"£39,200",2022
Porsche,911 Carrera 4S,2004,"£22,425",UK,"£22,425",2022
Porsche,911 Carrera S Cabriolet,2008,Estimate - Not Given (unsold),USA,Estimate,2022
Porsche,911,2010,"£38,024",UK,"£38,024",2022
Porsche,911 Carrera 2,2002,"Estimate £16,000 - £18,000 (unsold)",UK,Estimate,2022
Porsche,911 Carrera 2S,2008,"£50,583",UK,"£50,583",2022
Porsche,911 C2 Cabriolet,2002,"£17,000",UK,"£17,000",2022
Porsche,911 Carrera 4 Cabriolet,2000,"£16,312",UK,"£16,312",2022
Porsche,911 Carrera,2009, (unsold),UK,(unsold),2022
Porsche,911 3.8 Carrera 2 S,2005,"£27,000",UK,"£27,000",2022
Porsche,911 3.4 Carrera 4 Convertible,2000,"£13,392",UK,"£13,392",2022
Porsche,911 Carrera 4,2006,"£22,500",UK,"£22,500",2022
Porsche,911 Carrera T,2019,"Estimate $125,000 - $150,000 (unsold)",USA,Estimate,2022
Porsche,911 Carrera 4S,2020,"Estimate $125,000 - $175,000 (unsold)",Canada,Estimate,2022
Porsche,911 Carrera S,2005,"$51,700",Canada,"$51,700",2022
Porsche,911 Carrera,2004,"£14,000",UK,"£14,000",2022
Porsche,911 Carrera 2,2005,"£24,456",UK,"£24,456",2022
Porsche,911 Carrera,2001,"£13,440",UK,"£13,440",2022
Porsche,911 Carrera 4S,2004,"£24,380",UK,"£24,380",2022
Porsche,911 Carrera 3.6,2004,"£17,000",UK,"£17,000",2022
Porsche,911 Carrera 4S Cabriolet,2008,"£27,888",UK,"£27,888",2022
Porsche,911 Carrera 2S,2005,"£21,938",UK,"£21,938",2022
Porsche,911 Carrera 4S,2003,"£21,200",UK,"£21,200",2022
Porsche,911 Carrera 4S,2003,"Estimate £25,000 - £30,000 (unsold)",UK,Estimate,2022
Porsche,911 Carrera 4 Convertible,2000,"£11,340",UK,"£11,340",2022
Porsche,911 Carrera S,2013,Estimate - Not Given (unsold),UK,Estimate,2022
Porsche,911 Carrera 4S Cabriolet,2005,"£18,537",UK,"£18,537",2022
Porsche,911,2003,"£12,720",UK,"£12,720",2022
Porsche,911 Carrera,2002,"£12,880",UK,"£12,880",2022
Porsche,911 Carrera S,2006,"$66,000",USA,"$66,000",2022
Porsche,911 3.6 Carrera 2,2010,"£32,625",UK,"£32,625",2022
Porsche,911 C4S Targa,2007,"£39,937",UK,"£39,937",2022
Porsche,911 Carrera 4,2002,"Estimate £20,000 - £22,000 (unsold)",UK,Estimate,2022
Porsche,911 Carrera 4S Cabriolet,2004,"£33,600",UK,"£33,600",2022
Porsche,911 Carrera 2S,2002,"Estimate £19,000 - £26,000 (unsold)",UK,Estimate,2022
Porsche,911 Carrera 2 Cabriolet,2004,"Estimate £15,000 - £17,000 (unsold)",UK,Estimate,2022
Porsche,911 Carrera 4S,2002,"$72,800",USA,"$72,800",2022
Porsche,911 Carrera S,2008,"$117,600",USA,"$117,600",2022
Porsche,911 Carrera 40th Anniversary Edition,2004,"$78,400",USA,"$78,400",2022
Porsche,911 Carrera S,2021,"Estimate £125,000 - £150,000 (unsold)",UK,Estimate,2022
Porsche,911 Carrera 4,2002,"£18,208",UK,"£18,208",2022
Porsche,911 Carrera 4S,2002,"Estimate £19,000 - £21,000 (unsold)",UK,Estimate,2022
Porsche,911 Carrera 2,2002,"£13,115",UK,"£13,115",2022
Porsche,911 Carrera 4,2002,"Estimate £20,000 - £24,000 (unsold)",UK,Estimate,2022
Porsche,911 Carrera 2,2008,"Estimate £25,750 - £26,750 (unsold)",UK,Estimate,2022
Porsche,911 Carrera 3.8 S Cabriolet,2014,"£42,120",UK,"£42,120",2022
Porsche,911 3.6 Carrera 4S,2003,"£20,790",UK,"£20,790",2022
Porsche,911 Carrera 4S,2008,"$55,000",USA,"$55,000",2022
Porsche,911 Carrera,2001,"£21,414",UK,"£21,414",2022
Porsche,911 Carrera Cabriolet,2002,"Estimate £17,000 - £20,000 (unsold)",UK,Estimate,2022
Porsche,911 Carrera Cabriolet,2001,"NZ$34,500",Zealand,"NZ$34,500",2021
Porsche,911 Targa,2002,"£14,833",UK,"£14,833",2021
Porsche,911 Carrera 2,2008,"Estimate £27,500 - £29,500 (unsold)",UK,Estimate,2021
Porsche,911 Carrera 4S,2004,"Estimate £20,000 - £25,000 (unsold)",UK,Estimate,2021
Porsche,911 Carrera 4S,2007,"£29,960",UK,"£29,960",2021
Porsche,911 Carrera 4,2002,"Estimate £18,000 - £22,000 (unsold)",UK,Estimate,2021
Porsche,911 Carrera,2001,"£25,872",UK,"£25,872",2021
Porsche,911 Carrera 4S,2007,"£31,920",UK,"£31,920",2021
Porsche,911 Carrera 4S,2003,"Estimate £16,000 - £18,000 (unsold)",UK,Estimate,2021
Porsche,911 Carrera 2S,2009,"Estimate £55,000 - £60,000 (unsold)",UK,Estimate,2021
Porsche,911 Carrera 2S,2005,"£21,600",UK,"£21,600",2021
Porsche,911 Carrera 2,2002,"£34,875",UK,"£34,875",2021
Porsche,911 Carrera 2,2004,"£17,920",UK,"£17,920",2021
Porsche,911 Carrera 4,2002,"Estimate £18,000 - £22,000 (unsold)",UK,Estimate,2021
Porsche,911 Carrera 4,2003,"£19,600",UK,"£19,600",2021
Porsche,911 Carrera 4S,2002,"£21,200",UK,"£21,200",2021
Porsche,911 3.8 Carrera GTS,2011,"€77,500",France,"€77,500",2021
Porsche,911 Carrera 4,2001,"$34,100",USA,"$34,100",2021
Porsche,911 Carrera 2,2002,"£20,535",UK,"£20,535",2021
Porsche,911 Carrera 2 Cabriolet,2003,"£17,760",UK,"£17,760",2021
Porsche,911 Targa,2002,"Estimate £15,000 - £19,000 (unsold)",UK,Estimate,2021
Porsche,911 3.6 Carrera 4,2003,"£9,990",UK,"£9,990",2021
Porsche,911 Carrera Targa,2002,"$26,400",USA,"$26,400",2021
Porsche,911 Carrera 4S,2007,"$46,200",USA,"$46,200",2021
Porsche,911 Targa,2003,"£14,500",UK,"£14,500",2021
Porsche,911,2001,Estimate - Not Given (unsold),USA,Estimate,2021
Porsche,911 Carrera 4S,2003,"Estimate £17,000 - £19,000 (unsold)",UK,Estimate,2021
Porsche,911 C4S,2007,"£36,040",UK,"£36,040",2021
Porsche,911 Carrera 4S,2002,"£25,437",UK,"£25,437",2021
Porsche,911 Carrera 4,2002,"£14,792",UK,"£14,792",2021
Porsche,911 Carrera 4,2008,Estimate - Not Given (unsold),USA,Estimate,2021
Porsche,911 Carrera 4,2001,"£15,904",UK,"£15,904",2021
Porsche,911 3.8 Martini Racing Edition,2014,"£92,250",UK,"£92,250",2021
Porsche,911,2008,"$105,600",USA,"$105,600",2021
Porsche,911 Carrera 4 S Cabriolet,2006,"£25,440",UK,"£25,440",2021
Porsche,911 Carrera 4,2005,"£24,380",UK,"£24,380",2021
Porsche,911 Carrera 4 Cabriolet,2003,"£15,900",UK,"£15,900",2021
Porsche,911 Targa 4S,2009,"£47,700",UK,"£47,700",2021
Porsche,911,2001,"Estimate £28,000 - £30,000 (unsold)",UK,Estimate,2021
Porsche,911 Carrera 2S,2004,"£19,688",UK,"£19,688",2021
Porsche,911 Carrera,2005,"£32,625",UK,"£32,625",2021
Porsche,911 Carrera,2002,"$26,950",USA,"$26,950",2021
Porsche,911 Carrera 2S Convertible,2008,"£31,860",UK,"£31,860",2021
Porsche,911 Carrera 2,2004,"Estimate £18,000 - £22,000 (unsold)",UK,Estimate,2021
Porsche,911 Carrera Cabriolet,2009,"£36,075",UK,"£36,075",2021
Porsche,911 Carrera S,2007,"€47,000",France,"€47,000",2021
Porsche,911 Carrera 4S,2009,"€57,000",France,"€57,000",2021
Porsche,911 Cabriolet,2000,"Estimate €23,000 (unsold)",France,Estimate,2021
Porsche,911,2000,"Estimate £14,500 - £16,500 (unsold)",UK,Estimate,2021
Porsche,911 Carrera,2012,"£53,000",UK,"£53,000",2021
Porsche,911 Carrera 2S,2005,"£16,875",UK,"£16,875",2021
Porsche,911 Carrera 4S,2009,"£38,160",UK,"£38,160",2021
Porsche,911 Carrera 2,2006,"Estimate £22,000 - £24,000 (unsold)",UK,Estimate,2021
Porsche,911 Carrera 4S,2003,"Estimate £18,000 - £20,000 (unsold)",UK,Estimate,2021
Porsche,911 Carrera 4S,2003,"£21,280",UK,"£21,280",2021
Porsche,911 Carrera 4S,2004,"£24,840",UK,"£24,840",2021
Porsche,911 Carrera 4S,2004,"£16,740",UK,"£16,740",2021
Porsche,911 Carrera 4S,2002,"Estimate £19,000 - £21,000 (unsold)",UK,Estimate,2021
Porsche,911 Carrera Cabriolet,2000,"Estimate €30,000 - €35,000 (unsold)",France,Estimate,2021
Porsche,911 Targa,2003,"£13,440",UK,"£13,440",2021
Porsche,911 Carrera S,2005,"£46,412",UK,"£46,412",2021
Porsche,911 Carrera 4S Convertible,2006,"£31,696",UK,"£31,696",2021
Porsche,911 Carrera Rothmans Tribute,2005,"Estimate £88,000 - £105,000 (unsold)",UK,Estimate,2021
Porsche,911 C4 Cabriolet,2003,"Estimate £15,000 - £17,000 (unsold)",UK,Estimate,2021
Porsche,911 Carrera 4S,2008,"Estimate £23,000 - £25,000 (unsold)",UK,Estimate,2021
Porsche,911 Carrera 4S,2004,"€48,000",France,"€48,000",2021
Porsche,911 Carrera 4 Cabriolet,2000,"£14,946",UK,"£14,946",2021
Porsche,911 Targa 4S,2008,"£39,432",UK,"£39,432",2021
Porsche,911 Carrera 4S Cabriolet,2004,"£18,281",UK,"£18,281",2021
Porsche,911 Carrera 4 Cabriolet,2009,"$57,200",USA,"$57,200",2021
Porsche,911 Carrera S,2003,"£14,300",UK,"£14,300",2021
Porsche,911 Carrera 2 S,2005,"£30,780",UK,"£30,780",2021
Porsche,911 Carrera 4,2002,"£19,880",UK,"£19,880",2021
Porsche,911 Carrera 4S,2008,"$49,280",USA,"$49,280",2021
Porsche,911 Carrera,2002,"NZ$70,500",Zealand,"NZ$70,500",2020
Porsche,911 Carrera 2,2003,"£11,093",UK,"£11,093",2020
Porsche,911 Carrera 2,2002,"£12,426",UK,"£12,426",2020
Porsche,911 CSR Upgrade from 996 Carrera 4,2001,"Estimate £24,000 - £26,000 (unsold)",UK,Estimate,2020
Porsche,911 Club Sport,2013,"£168,750",UK,"£168,750",2020
Porsche,911 Carrera 4 Cabriolet,2000,"£14,850",UK,"£14,850",2020
Porsche,911 Carrera S,2012,"£37,000",UK,"£37,000",2020
Porsche,911 3.6 Targa,2002,"£17,360",UK,"£17,360",2020
Porsche,911 Carrera 4S,2002,"€53,576",Italy,"€53,576",2020
Porsche,911 Carrera 4S,2003,"Estimate £20,000 - £22,000 (unsold)",UK,Estimate,2020
Porsche,911 Carrera 4,2001,"£12,938",UK,"£12,938",2020
Porsche,911 Carrera 2 S,2006,"£19,250",UK,"£19,250",2020
Porsche,911,2005,"£19,081",UK,"£19,081",2020
Porsche,911 X50,2003,"£40,000",UK,"£40,000",2020
Porsche,911 Carrera 4 Targa,2007,"€44,500",France,"€44,500",2020
Porsche,911 Carrera S,2005,"£39,620",UK,"£39,620",2020
Porsche,911 Carerra S,2004,"£17,024",UK,"£17,024",2020
Porsche,911 Carrera 4,2003,"Estimate £13,000 - £15,000 (unsold)",UK,Estimate,2020
Porsche,911 Carrera,2002,"Estimate £11,500 - £12,500 (unsold)",UK,Estimate,2020
Porsche,911,2001,"Estimate £30,000 - £35,000 (unsold)",UK,Estimate,2020
Porsche,911 3.4 Carrera 4,2001,"£11,660",UK,"£11,660",2020
Porsche,911 Carrera 2 S,2005,"£17,050",UK,"£17,050",2020
Porsche,911 Carrera 4S,2004,"Estimate £12,000 - £14,000 (unsold)",UK,Estimate,2020
Porsche,911 Carrera,2004,"£30,375",UK,"£30,375",2020
Porsche,911 50th Anniversary Edition,2014,"£85,500",UK,"£85,500",2020
Porsche,911 Carrera 2,2003,"£14,625",UK,"£14,625",2020
Porsche,911 Carrera 4S,2006,"Estimate €37,000 - €45,000 (unsold)",France,Estimate,2020
Porsche,911 Carrera 2S,2005,"£17,738",UK,"£17,738",2020
Porsche,911 Carrera 4S Cabriolet,2003,"£21,508",UK,"£21,508",2020
Porsche,911 Carrera 4,2000,"£14,560",UK,"£14,560",2020
Porsche,911 Convertible,2003,"£27,440",UK,"£27,440",2020
Porsche,911 Carrera,2001,"Estimate £13,000 - £16,000 (unsold)",UK,Estimate,2020
Porsche,911 3.4 Carrera 4,2001,"Estimate £12,000 - £14,000 (unsold)",UK,Estimate,2020
Porsche,911 Carrera S,2008,"Estimate £29,000 - £32,000 (unsold)",UK,Estimate,2020
Porsche,911 Targa 4S,2015,"$86,000",USA,"$86,000",2020
Porsche,911 Carrera 4,2001,"£10,500",UK,"£10,500",2020
Porsche,911 Targa,2004,"€36,000",France,"€36,000",2020
Porsche,911 C4S Cabriolet,2004,"£11,250",UK,"£11,250",2020
Porsche,911 Carrera Cabriolet,2002,"Estimate £10,000 - £12,000 (unsold)",UK,Estimate,2020
Porsche,911 Carrera 2S,2005,"£21,600",UK,"£21,600",2020
Porsche,911 Convertible,2001,"£18,800",UK,"£18,800",2020
Porsche,911 Targa,2002,"£10,916",UK,"£10,916",2020
Porsche,911 Carrera S,2008,"Estimate £29,000 - £32,000 (unsold)",UK,Estimate,2020
Porsche,911 Carrera 2,2001,"£8,600",UK,"£8,600",2020
Porsche,911 Carrera,2000,"£13,975",UK,"£13,975",2020
Porsche,911 Carrera 2S,2005,"£18,562",UK,"£18,562",2020
Porsche,911 Targa 4S,2007,"€55,500",France,"€55,500",2020
Porsche,911 Carrera 2 Millenium,2000,"Estimate €40,000 - €50,000 (unsold)",France,Estimate,2020
Porsche,911 50th Anniversary,2014,"£107,520",UK,"£107,520",2020
Porsche,911 Carrera 4,2000,"Estimate £14,000 - £17,000 (unsold)",UK,Estimate,2020
Porsche,911 Carrera S Endurance Racing Edition,2017,"$126,000",USA,"$126,000",2020
Porsche,911 Carrera 4S Convertible,2008,"£27,440",UK,"£27,440",2020
Porsche,911 Carrera S Club,2006,"$89,600",USA,"$89,600",2020
Porsche,911 50th Anniversary Edition,2014,"$137,200",USA,"$137,200",2020
Porsche,911 Targa 3.6,2002,"£9,130",UK,"£9,130",2020
Porsche,911 Carrera 2,2006,"£16,000",UK,"£16,000",2020
Porsche,911 Carrera 2,2001,"£15,000",UK,"£15,000",2020
Porsche,911 Carrera 4,2000,"£13,356",UK,"£13,356",2020
Porsche,911 Carrera 2 S Convertible,2007,"£22,260",UK,"£22,260",2020
Porsche,911 Targa,2004,"Estimate €30,000 - €35,000 (unsold)",France,Estimate,2020
Porsche,911 Carrera S Endurance Racing Edition,2017,"$145,600",USA,"$145,600",2020
Porsche,911 Carrera 4 Cabriolet,2001,"Estimate £15,000 - £20,000 (unsold)",UK,Estimate,2019
Porsche,911 Carrera C4S,2002,"£13,250",UK,"£13,250",2019
Porsche,911 Carrera C4,2000,"Estimate £15,000 - £17,000 (unsold)",UK,Estimate,2019
Porsche,911 Carrera S Cabriolet,2006,"Estimate £28,000 - £32,000 (unsold)",UK,Estimate,2019
Porsche,911 Carrera C4,2001,"£9,520",UK,"£9,520",2019
Porsche,911 Targa,2002,"Estimate £12,000 - £15,000 (unsold)",UK,Estimate,2019
1978,Porsche 911 SC 3.0,c.,"£32,200",UK,"£32,200",2019
Porsche,"911 ""50th Anniversary Edition"" Pastel Black",2013,"Estimate €140,000 - €160,000 (unsold)",Italy,Estimate,2019
Porsche,911 Carrera 4,2001,"£12,900",UK,"£12,900",2019
Porsche,911 Carrera C4 Cabriolet,2003,"Estimate £23,000 - £28,000 (unsold)",UK,Estimate,2019
Porsche,911 Carrera 4 Cabriolet,2001,"Estimate £15,000 - £20,000 (WITHDRAWN)",UK,Estimate,2019
Porsche,911 Carrera 4S,2002,"Estimate £13,500 - £14,500 (unsold)",UK,Estimate,2019
Porsche,911 Carrera 4,2001,"Estimate £12,800 - £13,800 (unsold)",UK,Estimate,2019
Porsche,911 Carrera 4S,2003,"Estimate £14,000 - £18,000 (unsold)",UK,Estimate,2019
Porsche,911 Carrera 2S,2005,"Estimate £15,000 - £19,000 (unsold)",UK,Estimate,2019
Porsche,911 Carrera 4S,2006,"£26,880",UK,"£26,880",2019
Porsche,911 Carrera 4 Convertible,2003,"Estimate £16,000 - £20,000 (unsold)",UK,Estimate,2019
Porsche,911 Carrera,2013,"Estimate £43,000 - £53,000 (unsold)",UK,Estimate,2019
Porsche,911 Carrera 4S Cabriolet,2005,"£20,160",UK,"£20,160",2019
Porsche,911 Carrera 4 Convertible,2002,"£13,356",UK,"£13,356",2019
Porsche,911 Carrera Convertible,2001,"Estimate £14,000 - £16,000 (unsold)",UK,Estimate,2019
Porsche,911 Carrera 4 Convertible,2001,"Estimate £12,800 - £13,800 (unsold)",UK,Estimate,2019
Porsche,911 Carrera S Endurance Racing Edition,2017,"$235,200",USA,"$235,200",2019
Porsche,911 Carrera 2,2002,"£11,655",UK,"£11,655",2019
Porsche,911 Carrera 2 S,2004,"£20,535",UK,"£20,535",2019
Porsche,911 Carrera 4S,2004,"£38,025",UK,"£38,025",2019
Porsche,911 Carrera 2,2002,"£13,750",UK,"£13,750",2019
Porsche,911 Carrera 3.6,2001,"Estimate €25,000 - €35,000 (unsold)",France,Estimate,2019
Porsche,911 Carrera 4 Convertible,2001,"£12,720",UK,"£12,720",2019
Porsche,911 Carrera 2,2003,"Estimate £17,000 (unsold)",UK,Estimate,2019
Porsche,911 Carrera 4S,2004,"Estimate £12,000 - £14,000 (unsold)",UK,Estimate,2019
Porsche,911 Carrera 4,2001,"£14,763",UK,"£14,763",2019
Porsche,911 Carrera 2 Cabriolet,2001,"Estimate £10,000 - £14,000 (WITHDRAWN)",UK,Estimate,2019
Porsche,911 C4,2003,"Estimate £16,000 - £20,000 (unsold)",UK,Estimate,2019
Porsche,911 Carrera 4S Cabriolet,2006,"£37,520",UK,"£37,520",2019
Porsche,911 Carrera 4,2000,"£13,200",UK,"£13,200",2019
Porsche,911 Carrera 4S Cabriolet,2004,"$49,280",USA,"$49,280",2019
Porsche,911 C4 S,2005,"£13,530",UK,"£13,530",2019
Porsche,911 Carrera 2 S,2005,£21,UK,£21,2019
Porsche,911 Carrera 2 S,2007,"Estimate £28,000 - £32,000 (unsold)",UK,Estimate,2019
Porsche,911 40th Anniversary Edition,2004,"£30,740",UK,"£30,740",2019
Porsche,911 Carrera 4S,2004,"£14,522",UK,"£14,522",2019
Porsche,911 Carrera 4S,2003,"Estimate £22,000 - £26,000 (WITHDRAWN)",UK,Estimate,2019
Porsche,911 Carrera 2,2003,"£14,985",UK,"£14,985",2019
Porsche,911 Carrera 4,2002,"Estimate £10,000 - £12,000 (unsold)",UK,Estimate,2019
Porsche,911 Carrera 2,2000,"£12,550",UK,"£12,550",2019
Porsche,911 Carrera 2S,2005,"Estimate £20,000 - £22,000 (WITHDRAWN)",UK,Estimate,2019
Porsche,911 Carrera 2S Cabriolet,2008,"£20,720",UK,"£20,720",2019
Porsche,911 Carrera 4S,2004,"Estimate £23,000 - £25,000 (unsold)",UK,Estimate,2019
Porsche,911 Rothmans tribute,2005,"£62,720",UK,"£62,720",2019
Porsche,911,2000,"£9,350",UK,"£9,350",2019
Porsche,911 Carrera 4S,2003,"Estimate £25,000 - £35,000 (unsold)",UK,Estimate,2018
Porsche,911 Carrera 4S,2003,"£18,260",UK,"£18,260",2018
Porsche,911 Carrera 2,2002,"£14,625",UK,"£14,625",2018
Porsche,911 Carrera 4,2000,"£8,480",UK,"£8,480",2018
Porsche,911 4S,2002,"Estimate €40,000 - €50,000 (unsold)",Italy,Estimate,2018
Porsche,911 Targa,2003,"Estimate £15,000 - £17,000 (unsold)",UK,Estimate,2018
Porsche,911 Carrera 4S,2002,"£15,370",UK,"£15,370",2018
Porsche,911 Carrera 4S,2008,"£35,438",UK,"£35,438",2018
Porsche,911 Targa 4S,2015,"£79,875",UK,"£79,875",2018
Porsche,911 Carrera 2,2001,"£17,000",UK,"£17,000",2018
Porsche,911 Carrera S Club Coupe,2006,"$151,200",USA,"$151,200",2018
Porsche,911 Targa 4S,2008,"£34,720",UK,"£34,720",2018
Porsche,911 Carrera 2 Convertible,2003,"£19,250",UK,"£19,250",2018
Porsche,911 Carrera 4S Coupe,2004,"£25,850",UK,"£25,850",2018
Porsche,911 Carrera 2S,2005,"Estimate £21,000 - £23,000 (unsold)",UK,Estimate,2018
Porsche,911 Carrera 2S,2008,"Estimate £33,000 - £36,000 (unsold)",UK,Estimate,2018
Porsche,911 3.4 Carrera Convertible,2000,"£14,840",UK,"£14,840",2018
Porsche,911 Targa 4S Exclusive Design Edition,2017,"€220,000",Monaco,"€220,000",2018
Porsche,911 by Orlinski,2007,"€217,800",Monaco,"€217,800",2018
Porsche,911 Carrera S,2000,"Estimate £18,000 - £20,000 (unsold)",UK,Estimate,2018
Porsche,911 Carrera 4,2002,"Estimate £18,000 - £24,000 (unsold)",UK,Estimate,2018
Porsche,911 Carrera 4 S,2004,"Estimate £25,000 - £27,000 (unsold)",UK,Estimate,2018
Porsche,911 Carrera 4 S Convertible,2004,"£17,500",UK,"£17,500",2018
Porsche,911 Carrera 2 S,2005,"Estimate £23,000 - £25,000 (unsold)",UK,Estimate,2018
Porsche,911 Carrera 4 S,2002,"£16,500",UK,"£16,500",2018
Porsche,911 Carrera Convertible,2001,"£11,660",UK,"£11,660",2018
Porsche,911 Carrera 4 Convertible,2000,"£10,812",UK,"£10,812",2018
Porsche,911 Carrera 4S,2004,"£12,296",UK,"£12,296",2018
Porsche,911 Carrera 2,2001,"Sold (Estimate £13,000 - £16,000)",UK,Sold,2018
Porsche,911 Carrera C4S Convertible,2003,"Estimate £20,000 - £25,000 (unsold)",UK,Estimate,2018
Porsche,911 Carrera 2S,2004,"£18,150",UK,"£18,150",2018
Porsche,911 Carrera 4S,2004,"Estimate £40,000 - £45,000 (unsold)",UK,Estimate,2018
Porsche,911 Carrera 4S,2006,"£20,945",UK,"£20,945",2018
Porsche,911 Targa,2002,"£14,560",UK,"£14,560",2018
Porsche,911 3.8 Carrera 4S,2007,"Estimate £25,000 - £27,000 (unsold)",UK,Estimate,2018
Porsche,911 Carrera 4,2004,"£12,500",UK,"£12,500",2018
Porsche,911 Carrera S Martini Racing Edition,2014,"€109,250",Monaco,"€109,250",2018
Porsche,911 Carrera 2,2002,"£17,250",UK,"£17,250",2018
Porsche,911 Carrera 2,2005,"Estimate £18,000 - £20,000 (unsold)",UK,Estimate,2018
Porsche,911 Carrera 3.4,2001,"€32,152",France,"€32,152",2018
Porsche,911 Carrera Convertible,2001,"£15,900",UK,"£15,900",2018
Porsche,911 Carrera 2S,2004,"£19,610",UK,"£19,610",2018
Porsche,911 Carrera Cabriolet,2003,"$20,900",USA,"$20,900",2018
Porsche,911 Carrera 4 Convertible,2002,"£11,000",UK,"£11,000",2018
Porsche,911 Carrera 4S,2004,"Estimate £40,000 - £50,000 (unsold)",UK,Estimate,2018
Porsche,911 50th Anniversary,2014,"$148,500",USA,"$148,500",2018
Porsche,911 Carrera 4,2001,"£13,750",UK,"£13,750",2018
Porsche,911 Carrera 2,2008,"£25,200",UK,"£25,200",2018
Porsche,911 Carrera 2S Convertible,2006,"Estimate £26,000 - £32,000 (unsold)",UK,Estimate,2018
Porsche,911 Targa,2002,"£17,360",UK,"£17,360",2018
Porsche,911 Carrera 4S,2006,"Estimate £20,000 - £25,000 (unsold)",UK,Estimate,2018
Porsche,911 Convertible,2000,"£13,000",UK,"£13,000",2017
Porsche,911 Carrera 2,2003,"£13,870",UK,"£13,870",2017
Porsche,911 Carrera 2,2006,"£18,260",UK,"£18,260",2017
Porsche,911 Carrera 4S,2001,"Estimate £13,000 - £15,000 (unsold)",UK,Estimate,2017
Porsche,911 Carrera 2 Cabriolet,2005,"Estimate £22,000 - £25,000 (unsold)",UK,Estimate,2017
Porsche,911 Carrera 4,2002,"£11,812",UK,"£11,812",2017
Porsche,911 Carrera 4S,2003,"Estimate £30,000 - £35,000 (unsold)",UK,Estimate,2017
Porsche,911 4S,2002,"Estimate £13,000 - £15,000 (unsold)",UK,Estimate,2017
Porsche,911 Targa 4S 30° Anniversario Coupe,2016,"Estimate €180,000 - €210,000 (unsold)",Italy,Estimate,2017
Porsche,911 Carrera 2,2003,"Estimate £18,000 - £22,000 (unsold)",UK,Estimate,2017
Porsche,911 Carrera 4S,2003,"Estimate £30,000 - £35,000 (unsold)",UK,Estimate,2017
Porsche,911 Carrera 4S,2001,"Estimate £16,500 - £18,500 (unsold)",UK,Estimate,2017
Porsche,911 Carrera 2S,2004,"£25,850",UK,"£25,850",2017
Porsche,911 C4,2001,"£14,448",UK,"£14,448",2017
Porsche,911 Carrera 2 Convertible,2001,"Estimate £16,000 - £20,000 (unsold)",UK,Estimate,2017
Porsche,911 Carrera,2001,"£10,042",UK,"£10,042",2017
Porsche,911 Carrera 2 Convertible,2007,"£26,924",UK,"£26,924",2017
Porsche,911 Carrera 4S,2004,"£16,830",UK,"£16,830",2017
Porsche,911 Carrera 2,2001,"£15,950",UK,"£15,950",2017
Porsche,911 Carrera 2S,2004,"£26,620",UK,"£26,620",2017
Porsche,911 Convertible,2002,"£10,573",UK,"£10,573",2017
Porsche,911 Convertible,2001,"£13,871",UK,"£13,871",2017
Porsche,911 Carrera S Cabriolet,2005,"CHF28,000",Switzerland,"CHF28,000",2017
Porsche,911 Carrera 2,2004,"£16,275",UK,"£16,275",2017
Porsche,911 Carrera 4,2002,"£11,340",UK,"£11,340",2017
Porsche,911 Cabriolet,2001,"Estimate £12,500 - £14,500 (unsold)",UK,Estimate,2017
Porsche,911 Carrera 2 S,2005,"£15,400",UK,"£15,400",2017
Porsche,911 Carrera 4S Cabriolet,2004,"Estimate £21,000 - £26,000 (unsold)",UK,Estimate,2017
Porsche,911 Targa,2002,"£26,880",UK,"£26,880",2017
Porsche,911 Carrera 4S,2004,"Estimate £24,000 - £28,000 (unsold)",UK,Estimate,2017
Porsche,911 Carrera 4,2002,"£15,926",UK,"£15,926",2017
Porsche,911 Carrera 2S,2005,"£23,850",UK,"£23,850",2017
Porsche,911 Carrera S Martini Racing Edition,2014,"€123,200",France,"€123,200",2017
Porsche,911 Carrera 4S,2003,"€49,280",Italy,"€49,280",2016
Porsche,911 Carrera 4S Cabriolet,2004,"€50,400",Italy,"€50,400",2016
Porsche,911 Targa,2002,"€44,800",Italy,"€44,800",2016
Porsche,911 C2,2002,"Estimate £25,000 - £30,000 (unsold)",UK,Estimate,2016
Porsche,911 Carrera Cabriolet,2009,"£38,140",UK,"£38,140",2016
Porsche,911 Millennium Edition,2000,"Estimate £35,000 - £40,000 (unsold)",UK,Estimate,2016
Porsche,911 GT3,2004,"£60,000",UK,"£60,000",2016
Porsche,911 4S,2003,"Estimate €45,000 (unsold)",Germany,Estimate,2016
Porsche,911 Carrera Cabriolet,2000,"€16,100",Germany,"€16,100",2016
Porsche,911 Carrera 2,2001,"Estimate £30,000 - £35,000 (unsold)",UK,Estimate,2016
Porsche,911 Carrera 2 S,2005,"£23,800",UK,"£23,800",2015
Porsche,911 Carrera 2,2000,"Estimate £13,000 - £15,000 (unsold)",UK,Estimate,2015
Porsche,911,c.1970,"£19,500",UK,"£19,500",2015
Porsche,911 Carrera S,2005,"Estimate £20,000 - £22,000 (unsold)",UK,Estimate,2015
Porsche,911 TechArt GT Street R conversion show car,2001,"£24,640",UK,"£24,640",2015
Porsche,911 C4S,2003,"£15,750",UK,"£15,750",2015
Porsche,911 Carrera 2,2001,"£11,845",UK,"£11,845",2013
Porsche,911 Carrera,2000,"Estimate £10,000 - £12,000 (unsold)",UK,Estimate,2013
Porsche,911 Cabriolet,2000,"€26,473",Monaco,"€26,473",2013
